"VIN","ReceivedAt","CreatedAt","Latitude","Longitude","Heading_deg","Altitude_m","GNSS_Speed_kmh","GNSSStatus","WheelSpeed_kmh","TachoSpeed_kmh","TriggerType"
"VF611AEA3SD000216","2026-03-16T00:59:11.026Z","2026-03-16T00:57:01.000Z",52.101424,0.16144,0,33,0,,0,0,"TIMER"
"VF611AEA3SD000216","2026-03-16T01:59:11.239Z","2026-03-16T01:57:02.000Z",52.101424,0.16144,0,33,0,,0,0,"TIMER"
"VF611AEA3SD000216","2026-03-16T02:57:23.599Z","2026-03-16T02:57:02.000Z",52.101424,0.16144,0,33,0,,0,0,"TIMER"
"VF611AEA3SD000216","2026-03-16T03:57:54.381Z","2026-03-16T03:57:01.000Z",52.101424,0.16144,0,33,0,,0,0,"TIMER"
"VF611AEA3SD000216","2026-03-16T04:43:11.530Z","2026-03-16T04:41:04.000Z",52.101424,0.16144,0,33,0,,0,0,"TIMER"
"VF611AEA3SD000216","2026-03-16T04:57:11.774Z","2026-03-16T04:57:10.000Z",52.101424,0.16144,0,33,0,,0,0,"BATTERY_PRECONDITIONING"
"VF611AEA3SD000216","2026-03-16T05:11:49.249Z","2026-03-16T05:11:48.000Z",52.101424,0.16144,0,33,0,,0,0,"BATTERY_PRECONDITIONING"
"VF611AEA3SD000216","2026-03-16T05:40:19.361Z","2026-03-16T05:40:18.000Z",52.101424,0.16144,0,33,0,,0,0,"TIMER"
"VF611AEA3SD000216","2026-03-16T07:08:47.172Z","2026-03-16T07:08:24.000Z",52.101424,0.16144,0,33,0,,0,0,"IGNITION_ON"
"VF611AEA3SD000216","2026-03-16T07:08:47.664Z","2026-03-16T07:08:24.000Z",52.101424,0.16144,0,33,0,,0,0,"TIMER"
"VF611AEA3SD000216","2026-03-16T07:09:23.344Z","2026-03-16T07:09:22.000Z",52.101424,0.16144,0,33,0,,0,0,"DRIVER_LOGIN"
"VF611AEA3SD000216","2026-03-16T07:10:04.880Z","2026-03-16T07:10:02.000Z",52.101424,0.16144,0,33,0,,0,0,"DRIVER_1_WORKING_STATE_CHANGED"
"VF611AEA3SD000216","2026-03-16T07:25:55.337Z","2026-03-16T07:25:52.000Z",52.101424,0.16144,0,33,0,,0.77734375,1.296875,"MOVEMENT"
"VF611AEA3SD000216","2026-03-16T07:27:01.533Z","2026-03-16T07:27:00.000Z",52.101807,0.162587,27,30,11.8512,,11.8984375,,"TIMER"
"VF611AEA3SD000216","2026-03-16T07:27:03.990Z","2026-03-16T07:27:01.000Z",52.101831,0.162611,31,30,11.2968,,11.796875,11.796875,"DRIVER_1_WORKING_STATE_CHANGED"
"VF611AEA3SD000216","2026-03-16T07:27:05.909Z","2026-03-16T07:27:01.000Z",52.101831,0.162611,31,30,11.2968,,11.8359375,11.796875,"DTJ_ACTIVITY"
"VF611AEA3SD000216","2026-03-16T07:28:01.520Z","2026-03-16T07:28:00.000Z",52.102043,0.163963,350,29,0,,0,,"TIMER"
"VF611AEA3SD000216","2026-03-16T07:30:05.355Z","2026-03-16T07:29:01.000Z",52.102043,0.163963,350,29,0,,0,0,"DTJ_ACTIVITY"
"VF611AEA3SD000216","2026-03-16T07:30:05.531Z","2026-03-16T07:30:02.000Z",52.102043,0.163963,350,29,0,,0,0,"DRIVER_1_WORKING_STATE_CHANGED"
"VF611AEA3SD000216","2026-03-16T07:32:43.028Z","2026-03-16T07:32:41.000Z",52.102043,0.163963,350,29,0,,0,0,"TIMER"
"VF611AEA3SD000216","2026-03-16T07:32:55.153Z","2026-03-16T07:27:54.000Z",52.102043,0.163963,350,29,0,,0,0.8984375,"NO_MOVEMENT"
"VF611AEA3SD000216","2026-03-16T07:33:05.082Z","2026-03-16T07:27:54.000Z",52.102043,0.163963,350,29,0,,0,0.8984375,"IDLING"
"VF611AEA3SD000216","2026-03-16T07:40:19.991Z","2026-03-16T07:40:18.000Z",52.102043,0.163963,350,29,0,,0,0,"TIMER"
"VF611AEA3SD000216","2026-03-16T07:44:49.535Z","2026-03-16T07:44:47.000Z",52.102043,0.163963,350,29,0,,1.8984375,1.8984375,"IDLING"
"VF611AEA3SD000216","2026-03-16T07:44:51.114Z","2026-03-16T07:44:47.000Z",52.102043,0.163963,350,29,0,,1.8984375,1.8984375,"MOVEMENT"
"VF611AEA3SD000216","2026-03-16T07:46:01.571Z","2026-03-16T07:46:00.000Z",52.101606,0.16274,254,28,0,,0,,"TIMER"
"VF611AEA3SD000216","2026-03-16T07:50:28.278Z","2026-03-16T07:45:27.000Z",52.101606,0.162745,254,28,2.0376,,0,0.8984375,"NO_MOVEMENT"
"VF611AEA3SD000216","2026-03-16T07:50:38.024Z","2026-03-16T07:45:27.000Z",52.101606,0.162745,254,28,2.0376,,0,0.8984375,"IDLING"
"VF611AEA3SD000216","2026-03-16T07:52:43.075Z","2026-03-16T07:52:41.000Z",52.101606,0.16274,254,28,0,,0,0,"TIMER"
"VF611AEA3SD000216","2026-03-16T08:29:52.618Z","2026-03-16T08:29:51.000Z",52.101609,0.162741,254,32,0,,1.01953125,0,"IDLING"
"VF611AEA3SD000216","2026-03-16T08:29:55.618Z","2026-03-16T08:29:51.000Z",52.101609,0.162741,254,32,0,,1.01953125,0,"MOVEMENT"
"VF611AEA3SD000216","2026-03-16T08:35:23.199Z","2026-03-16T08:30:23.000Z",52.101549,0.161654,262,26,0.3708,,0,0.8984375,"NO_MOVEMENT"
"VF611AEA3SD000216","2026-03-16T08:35:33.089Z","2026-03-16T08:30:23.000Z",52.101549,0.161654,262,26,0.3708,,0,0.8984375,"IDLING"
"VF611AEA3SD000216","2026-03-16T08:40:57.117Z","2026-03-16T08:40:18.000Z",52.101549,0.161654,262,26,0,,0,0,"TIMER"
"VF611AEA3SD000216","2026-03-16T09:09:47.280Z","2026-03-16T09:09:46.000Z",52.101549,0.161654,262,26,0,,0.31640625,1.59765625,"IDLING"
"VF611AEA3SD000216","2026-03-16T09:09:48.477Z","2026-03-16T09:09:46.000Z",52.101549,0.161654,262,26,0,,0.31640625,1.59765625,"MOVEMENT"
"VF611AEA3SD000216","2026-03-16T09:10:00.459Z","2026-03-16T09:10:00.000Z",52.10173,0.161284,280,35,8.8884,,8.6171875,,"TIMER"
"VF611AEA3SD000216","2026-03-16T09:12:42.215Z","2026-03-16T09:12:41.000Z",52.101634,0.16087,232,33,11.6676,,11.45703125,11.3984375,"TIMER"
"VF611AEA3SD000216","2026-03-16T09:14:03.973Z","2026-03-16T09:14:02.000Z",52.102061,0.159675,315,27,7.038,,10.8359375,11.09765625,"DRIVER_1_WORKING_STATE_CHANGED"
"VF611AEA3SD000216","2026-03-16T09:14:11.410Z","2026-03-16T09:14:02.000Z",52.102047,0.159696,320,26,1.8504,,10.0390625,10.3984375,"DTJ_ACTIVITY"
"VF611AEA3SD000216","2026-03-16T09:14:30.616Z","2026-03-16T09:14:00.000Z",52.102044,0.159703,323,27,0,,0,,"TIMER"
"VF611AEA3SD000216","2026-03-16T09:15:00.626Z","2026-03-16T09:15:00.000Z",52.101512,0.145124,246,38,55.0044,,49.87890625,,"TIMER"
"VF611AEA3SD000216","2026-03-16T09:16:01.064Z","2026-03-16T09:16:00.000Z",52.102629,0.154273,98,27,79.2648,,80.31640625,,"TIMER"
"VF611AEA3SD000216","2026-03-16T09:17:00.616Z","2026-03-16T09:17:00.000Z",52.104164,0.172846,79,28,67.4136,,66.75390625,,"TIMER"
"VF611AEA3SD000216","2026-03-16T09:18:01.921Z","2026-03-16T09:18:00.000Z",52.106677,0.182602,45,27,67.968,,69.77734375,,"TIMER"
"VF611AEA3SD000216","2026-03-16T09:19:00.609Z","2026-03-16T09:19:00.000Z",52.11391,0.195816,57,28,76.4892,,79.078125,,"TIMER"
"VF611AEA3SD000216","2026-03-16T09:20:00.574Z","2026-03-16T09:20:00.000Z",52.118327,0.213743,55,35,81.8568,,83.4765625,,"TIMER"
"VF611AEA3SD000216","2026-03-16T09:21:00.635Z","2026-03-16T09:21:00.000Z",52.128718,0.221642,20,36,35.928,,28.578125,,"TIMER"
"VF611AEA3SD000216","2026-03-16T09:22:00.648Z","2026-03-16T09:22:00.000Z",52.127987,0.225211,163,35,70.7472,,74.63671875,,"TIMER"
"VF611AEA3SD000216","2026-03-16T09:22:42.446Z","2026-03-16T09:22:41.000Z",52.123511,0.233437,110,37,63.3384,,64.31640625,64.5,"TIMER"
"VF611AEA3SD000216","2026-03-16T09:23:00.627Z","2026-03-16T09:23:00.000Z",52.122242,0.237858,125,41,63.3384,,64.35546875,,"TIMER"
"VF611AEA3SD000216","2026-03-16T09:24:00.659Z","2026-03-16T09:24:00.000Z",52.112594,0.244714,154,37,76.1184,,77.15625,,"TIMER"
"VF611AEA3SD000216","2026-03-16T09:25:00.571Z","2026-03-16T09:25:00.000Z",52.106103,0.256753,124,44,76.1184,,77.49609375,,"TIMER"
"VF611AEA3SD000216","2026-03-16T09:26:00.698Z","2026-03-16T09:26:00.000Z",52.097874,0.268277,130,50,63.3384,,63.99609375,,"TIMER"
"VF611AEA3SD000216","2026-03-16T09:27:00.622Z","2026-03-16T09:27:00.000Z",52.093944,0.280567,104,45,63.7092,,64.9765625,,"TIMER"
"VF611AEA3SD000216","2026-03-16T09:28:00.645Z","2026-03-16T09:28:00.000Z",52.093765,0.295938,63,53,22.2228,,19.03515625,,"TIMER"
"VF611AEA3SD000216","2026-03-16T09:29:00.635Z","2026-03-16T09:29:00.000Z",52.096346,0.305248,89,83,60.3756,,62.8984375,,"TIMER"
"VF611AEA3SD000216","2026-03-16T09:30:00.613Z","2026-03-16T09:30:00.000Z",52.098302,0.324277,39,77,87.228,,88.5390625,,"TIMER"
"VF611AEA3SD000216","2026-03-16T09:31:00.589Z","2026-03-16T09:31:00.000Z",52.102082,0.341685,106,104,79.0812,,80.55859375,,"TIMER"
"VF611AEA3SD000216","2026-03-16T09:32:00.664Z","2026-03-16T09:32:00.000Z",52.096726,0.358301,103,103,79.2648,,80.45703125,,"TIMER"
"VF611AEA3SD000216","2026-03-16T09:32:42.293Z","2026-03-16T09:32:41.000Z",52.094463,0.370106,100,109,70.3764,,72.5,72.59765625,"TIMER"
"VF611AEA3SD000216","2026-03-16T09:33:00.589Z","2026-03-16T09:33:00.000Z",52.094864,0.376026,74,94,84.8232,,83.5390625,,"TIMER"
"VF611AEA3SD000216","2026-03-16T09:34:00.591Z","2026-03-16T09:34:00.000Z",52.094934,0.393802,112,81,79.2648,,80.45703125,,"TIMER"
"VF611AEA3SD000216","2026-03-16T09:35:00.619Z","2026-03-16T09:35:00.000Z",52.08798,0.404135,146,94,79.2648,,80.3359375,,"TIMER"
"VF611AEA3SD000216","2026-03-16T09:36:00.626Z","2026-03-16T09:36:00.000Z",52.079619,0.415136,126,106,23.8896,,24.45703125,,"TIMER"
"VF611AEA3SD000216","2026-03-16T09:37:00.607Z","2026-03-16T09:37:00.000Z",52.073024,0.423188,107,105,26.4852,,28.4375,,"TIMER"
"VF611AEA3SD000216","2026-03-16T09:38:00.593Z","2026-03-16T09:38:00.000Z",52.070827,0.434683,359,94,29.2608,,32.73828125,,"TIMER"
"VF611AEA3SD000216","2026-03-16T09:39:00.639Z","2026-03-16T09:39:00.000Z",52.074398,0.434789,320,96,6.1128,,5.63671875,,"TIMER"
"VF611AEA3SD000216","2026-03-16T09:40:19.343Z","2026-03-16T09:40:18.000Z",52.074434,0.434739,323,97,0,,0,0,"TIMER"
"VF611AEA3SD000216","2026-03-16T09:41:08.591Z","2026-03-16T09:41:07.000Z",52.074434,0.434739,323,97,0,,0,0,"DRIVER_1_WORKING_STATE_CHANGED"
"VF611AEA3SD000216","2026-03-16T09:42:00.650Z","2026-03-16T09:42:00.000Z",52.074759,0.433705,229,103,7.9632,,8.69921875,,"TIMER"
"VF611AEA3SD000216","2026-03-16T09:42:03.677Z","2026-03-16T09:42:02.000Z",52.07473,0.433645,229,103,8.7048,,9.19921875,9.19921875,"DRIVER_1_WORKING_STATE_CHANGED"
"VF611AEA3SD000216","2026-03-16T09:42:42.177Z","2026-03-16T09:42:41.000Z",52.074652,0.433226,342,103,0,,0,0,"TIMER"
"VF611AEA3SD000216","2026-03-16T09:44:23.586Z","2026-03-16T09:44:22.000Z",52.074652,0.433226,342,103,0,,0,0,"DRIVER_1_WORKING_STATE_CHANGED"
"VF611AEA3SD000216","2026-03-16T09:45:04.491Z","2026-03-16T09:43:02.000Z",52.074652,0.433226,342,103,0,,0,0,"DTJ_ACTIVITY"
"VF611AEA3SD000216","2026-03-16T09:46:00.600Z","2026-03-16T09:46:00.000Z",52.07455,0.4333,199,105,2.9628,,3.19921875,,"TIMER"
"VF611AEA3SD000216","2026-03-16T09:46:04.006Z","2026-03-16T09:46:02.000Z",52.074534,0.433293,201,105,2.4084,,2.69921875,2.69921875,"DRIVER_1_WORKING_STATE_CHANGED"
"VF611AEA3SD000216","2026-03-16T09:46:04.050Z","2026-03-16T09:46:02.000Z",52.074534,0.433293,201,105,2.4084,,3,3,"DTJ_ACTIVITY"
"VF611AEA3SD000216","2026-03-16T09:48:20.591Z","2026-03-16T09:48:19.000Z",52.074547,0.433312,200,105,0,,0,0,"DRIVER_1_WORKING_STATE_CHANGED"
"VF611AEA3SD000216","2026-03-16T09:49:05Z","2026-03-16T09:47:02.000Z",52.074547,0.433312,200,105,0,,0,0,"DTJ_ACTIVITY"
"VF611AEA3SD000216","2026-03-16T09:50:51.711Z","2026-03-16T09:50:34.000Z",52.074568,0.433288,199,109,0,,0,0.796875,"NO_MOVEMENT"
"VF611AEA3SD000216","2026-03-16T09:50:51.794Z","2026-03-16T09:50:50.000Z",52.074568,0.433288,199,109,0,,0,0,"IGNITION_OFF"
"VF611AEA3SD000216","2026-03-16T10:03:26.266Z","2026-03-16T10:03:24.000Z",52.074568,0.433288,199,109,0,,0,0,"IGNITION_ON"
"VF611AEA3SD000216","2026-03-16T10:06:47.925Z","2026-03-16T10:05:23.000Z",52.074568,0.433288,199,109,0,,0.4375,1.09765625,"MOVEMENT"
"VF611AEA3SD000216","2026-03-16T10:08:00.734Z","2026-03-16T10:08:00.000Z",52.073993,0.435637,114,92,5.5548,,5.3359375,,"TIMER"
"VF611AEA3SD000216","2026-03-16T10:08:05.265Z","2026-03-16T10:08:02.000Z",52.073983,0.435678,113,92,2.9628,,3.41796875,3.296875,"DTJ_ACTIVITY"
"VF611AEA3SD000216","2026-03-16T10:08:05.574Z","2026-03-16T10:08:02.000Z",52.073983,0.435678,113,92,2.9628,,3.296875,3.296875,"DRIVER_1_WORKING_STATE_CHANGED"
"VF611AEA3SD000216","2026-03-16T10:09:00.683Z","2026-03-16T10:09:00.000Z",52.076354,0.437148,314,89,23.1516,,23.13671875,,"TIMER"
"VF611AEA3SD000216","2026-03-16T10:10:00.560Z","2026-03-16T10:10:00.000Z",52.077212,0.435532,338,89,5.184,,6.09765625,,"TIMER"
"VF611AEA3SD000216","2026-03-16T10:12:42.405Z","2026-03-16T10:12:41.000Z",52.077675,0.434966,251,90,0,,0,0,"TIMER"
"VF611AEA3SD000216","2026-03-16T10:13:03.594Z","2026-03-16T10:13:02.000Z",52.077675,0.434966,251,90,0,,0,0,"DRIVER_1_WORKING_STATE_CHANGED"
"VF611AEA3SD000216","2026-03-16T10:13:03.882Z","2026-03-16T10:12:02.000Z",52.077675,0.434966,251,90,0,,0,0,"DTJ_ACTIVITY"
"VF611AEA3SD000216","2026-03-16T10:15:55.403Z","2026-03-16T10:10:54.000Z",52.077675,0.434966,251,90,0.7416,,0,0.796875,"NO_MOVEMENT"
"VF611AEA3SD000216","2026-03-16T10:16:06.054Z","2026-03-16T10:10:54.000Z",52.077675,0.434966,251,90,0.7416,,0,0.796875,"IDLING"
"VF611AEA3SD000216","2026-03-16T10:30:08.720Z","2026-03-16T10:30:07.000Z",52.077675,0.434966,251,90,0,,0.23828125,0,"IDLING"
"VF611AEA3SD000216","2026-03-16T10:30:27.020Z","2026-03-16T10:30:07.000Z",52.077675,0.434966,251,90,0,,0.23828125,0,"MOVEMENT"
"VF611AEA3SD000216","2026-03-16T10:31:00.766Z","2026-03-16T10:31:00.000Z",52.077231,0.43553,158,89,0,,0,,"TIMER"
"VF611AEA3SD000216","2026-03-16T10:31:03.892Z","2026-03-16T10:31:02.000Z",52.077231,0.43553,158,89,0,,0,0,"DTJ_ACTIVITY"
"VF611AEA3SD000216","2026-03-16T10:31:04.377Z","2026-03-16T10:31:02.000Z",52.077231,0.43553,158,89,0,,0,0,"DRIVER_1_WORKING_STATE_CHANGED"
"VF611AEA3SD000216","2026-03-16T10:32:00.864Z","2026-03-16T10:32:00.000Z",52.077739,0.438668,118,79,10.7424,,11.2578125,,"TIMER"
"VF611AEA4SD000273","2026-03-16T00:33:00.230Z","2026-03-16T00:30:49.000Z",52.101457,0.161279,0,29,0,,0,0,"TIMER"
"VF611AEA4SD000273","2026-03-16T01:33:00.438Z","2026-03-16T01:30:51.000Z",52.101457,0.161279,0,29,0,,0,0,"TIMER"
"VF611AEA4SD000273","2026-03-16T02:33:00.251Z","2026-03-16T02:30:51.000Z",52.101457,0.161279,0,29,0,,0,0,"TIMER"
"VF611AEA4SD000273","2026-03-16T03:05:10.437Z","2026-03-16T03:05:09.000Z",52.101457,0.161279,0,29,0,,0,0,"TIMER"
"VF611AEA4SD000273","2026-03-16T04:05:10.865Z","2026-03-16T04:05:09.000Z",52.101457,0.161279,0,29,0,,0,0,"TIMER"
"VF611AEA4SD000273","2026-03-16T05:05:11.016Z","2026-03-16T05:05:09.000Z",52.101457,0.161279,0,29,0,,0,0,"TIMER"
"VF611AEA4SD000273","2026-03-16T05:58:49.310Z","2026-03-16T05:58:48.000Z",52.101457,0.161279,0,29,0,,0,0,"BATTERY_PRECONDITIONING"
"VF611AEA4SD000273","2026-03-16T06:00:25.199Z","2026-03-16T06:00:23.000Z",52.101457,0.161279,0,29,0,,0,0,"BATTERY_PRECONDITIONING"
"VF611AEA4SD000273","2026-03-16T07:03:09.580Z","2026-03-16T07:01:00.000Z",52.101457,0.161279,0,29,0,,0,0,"TIMER"
"VF611AEA4SD000273","2026-03-16T07:05:09.458Z","2026-03-16T07:05:07.000Z",52.101457,0.161279,0,29,0,,0,0,"IGNITION_ON"
"VF611AEA4SD000273","2026-03-16T07:05:10.940Z","2026-03-16T07:05:09.000Z",52.101457,0.161279,0,29,0,,0,0,"TIMER"
"VF611AEA4SD000273","2026-03-16T07:09:24.628Z","2026-03-16T07:09:15.000Z",52.101457,0.161279,0,29,0,,0.77734375,1.296875,"MOVEMENT"
"VF611AEA4SD000273","2026-03-16T07:10:53.284Z","2026-03-16T07:10:52.000Z",52.102123,0.162821,52,29,0,,0,,"TIMER"
"VF611AEA4SD000273","2026-03-16T07:11:45.924Z","2026-03-16T07:11:44.000Z",52.102148,0.162923,65,29,8.1504,,10.3984375,10.3984375,"DRIVING_WITHOUT_BEING_LOGGEDIN"
"VF611AEA4SD000273","2026-03-16T07:12:39.202Z","2026-03-16T07:12:37.000Z",52.101732,0.163174,267,27,0,,0,0,"TIMER"
"VF611AEA4SD000273","2026-03-16T07:12:53.383Z","2026-03-16T07:12:52.000Z",52.101732,0.163174,267,27,0,,0,,"TIMER"
"VF611AEA4SD000273","2026-03-16T07:14:48.994Z","2026-03-16T07:14:34.000Z",52.101761,0.163296,212,28,0.5544,,0,0.8984375,"NO_MOVEMENT"
"VF611AEA4SD000273","2026-03-16T07:14:49.168Z","2026-03-16T07:14:47.000Z",52.101761,0.163296,212,28,0,,0,0,"IGNITION_OFF"
"VF611AEA4SD000273","2026-03-16T07:21:31.812Z","2026-03-16T07:21:30.000Z",52.101761,0.163296,212,28,0,,0,0,"IGNITION_ON"
"VF611AEA4SD000273","2026-03-16T07:21:43.772Z","2026-03-16T07:21:40.000Z",52.101761,0.163296,212,28,0,,1.1171875,1.3984375,"MOVEMENT"
"VF611AEA4SD000273","2026-03-16T07:24:21.037Z","2026-03-16T07:24:13.000Z",52.101565,0.161618,270,29,1.1124,,0,0.796875,"NO_MOVEMENT"
"VF611AEA4SD000273","2026-03-16T07:24:21.087Z","2026-03-16T07:24:19.000Z",52.101565,0.161618,270,29,0,,0,0,"IGNITION_OFF"
"VF611AEA4SD000273","2026-03-16T07:24:53.392Z","2026-03-16T07:24:52.000Z",52.101565,0.161618,270,29,0,,0,,"TIMER"
"VF611AEA4SD000273","2026-03-16T07:32:40.062Z","2026-03-16T07:32:37.000Z",52.101565,0.161618,270,29,0,,0,0,"TIMER"
"VF611AEA4SD000273","2026-03-16T08:05:11.157Z","2026-03-16T08:05:09.000Z",52.101565,0.161618,270,29,0,,0,0,"TIMER"
"VF611AEA4SD000273","2026-03-16T08:28:09.854Z","2026-03-16T08:28:08.000Z",52.101565,0.161618,270,29,0,,0,0,"IGNITION_ON"
"VF611AEA4SD000273","2026-03-16T08:29:27.665Z","2026-03-16T08:29:04.000Z",52.101565,0.161618,270,29,0,,0.8359375,0.69921875,"MOVEMENT"
"VF611AEA4SD000273","2026-03-16T08:32:39.217Z","2026-03-16T08:32:37.000Z",52.101364,0.159938,305,33,7.9632,,9.5390625,9.5,"TIMER"
"VF611AEA4SD000273","2026-03-16T08:32:53.541Z","2026-03-16T08:32:52.000Z",52.102017,0.159728,332,33,11.1132,,6.09375,,"TIMER"
"VF611AEA4SD000273","2026-03-16T08:33:53.357Z","2026-03-16T08:33:52.000Z",52.102255,0.156956,281,32,51.4872,,53.59765625,,"TIMER"
"VF611AEA4SD000273","2026-03-16T08:34:53.518Z","2026-03-16T08:34:52.000Z",52.101116,0.144156,216,39,5.0004,,11.2578125,,"TIMER"
"VF611AEA4SD000273","2026-03-16T08:35:53.511Z","2026-03-16T08:35:52.000Z",52.096347,0.14031,157,33,71.4888,,73.796875,,"TIMER"
"VF611AEA4SD000273","2026-03-16T08:36:53.550Z","2026-03-16T08:36:52.000Z",52.086324,0.150562,146,50,80.19,,81.9765625,,"TIMER"
"VF611AEA4SD000273","2026-03-16T08:37:53.535Z","2026-03-16T08:37:52.000Z",52.075886,0.160244,154,47,79.452,,80.59765625,,"TIMER"
"VF611AEA4SD000273","2026-03-16T08:38:53.554Z","2026-03-16T08:38:52.000Z",52.066223,0.171421,121,41,80.748,,82.09765625,,"TIMER"
"VF611AEA4SD000273","2026-03-16T08:39:53.496Z","2026-03-16T08:39:52.000Z",52.06012,0.187944,146,52,80.748,,82.05859375,,"TIMER"
"VF611AEA4SD000273","2026-03-16T08:40:56.828Z","2026-03-16T08:40:52.000Z",52.048377,0.192433,184,76,76.4892,,77.19921875,,"TIMER"
"VF611AEA4SD000273","2026-03-16T08:41:53.519Z","2026-03-16T08:41:52.000Z",52.03766,0.189439,183,106,75.9312,,77.0390625,,"TIMER"
"VF611AEA4SD000273","2026-03-16T08:42:39.258Z","2026-03-16T08:42:37.000Z",52.028859,0.191374,162,92,82.4148,,83.6171875,83.5,"TIMER"
"VF611AEA4SD000273","2026-03-16T08:42:53.518Z","2026-03-16T08:42:52.000Z",52.025939,0.193246,156,84,85.5612,,86.65625,,"TIMER"
"VF611AEA4SD000273","2026-03-16T08:43:53.519Z","2026-03-16T08:43:52.000Z",52.0142,0.197762,181,90,75.006,,76.875,,"TIMER"
"VF611AEA4SD000273","2026-03-16T08:44:53.508Z","2026-03-16T08:44:52.000Z",52.002182,0.195163,184,66,86.3028,,86.9375,,"TIMER"
"VF611AEA4SD000273","2026-03-16T08:45:53.533Z","2026-03-16T08:45:52.000Z",51.990384,0.195879,172,90,75.006,,77.31640625,,"TIMER"
"VF611AEA4SD000273","2026-03-16T08:46:53.567Z","2026-03-16T08:46:52.000Z",51.978574,0.203077,138,76,82.5984,,83.8984375,,"TIMER"
"VF611AEA4SD000273","2026-03-16T08:47:53.492Z","2026-03-16T08:47:52.000Z",51.96859,0.214266,170,81,80.5608,,81.796875,,"TIMER"
"VF611AEA4SD000273","2026-03-16T08:48:53.516Z","2026-03-16T08:48:52.000Z",51.956257,0.214277,165,76,82.7856,,83.796875,,"TIMER"
"VF611AEA4SD000273","2026-03-16T08:49:53.523Z","2026-03-16T08:49:52.000Z",51.943969,0.216583,167,77,84.636,,86.19921875,,"TIMER"
"VF611AEA4SD000273","2026-03-16T08:50:53.541Z","2026-03-16T08:50:52.000Z",51.932662,0.224673,174,90,83.5236,,84.3359375,,"TIMER"
"VF611AEA4SD000273","2026-03-16T08:51:53.523Z","2026-03-16T08:51:52.000Z",51.92086,0.219745,191,105,82.5984,,83.8984375,,"TIMER"
"VF611AEA4SD000273","2026-03-16T08:52:39.256Z","2026-03-16T08:52:37.000Z",51.911851,0.220575,162,94,87.0444,,88.55859375,88.5,"TIMER"
"VF611AEA4SD000273","2026-03-16T08:52:53.519Z","2026-03-16T08:52:52.000Z",51.908683,0.22228,166,88,89.6364,,91.015625,,"TIMER"
"VF611AEA4SD000273","2026-03-16T08:53:53.537Z","2026-03-16T08:53:52.000Z",51.896842,0.217716,221,97,82.5984,,83.69921875,,"TIMER"
"VF611AEA4SD000273","2026-03-16T08:54:53.875Z","2026-03-16T08:54:52.000Z",51.886568,0.206848,199,95,82.044,,83.4375,,"TIMER"
"VF611AEA4SD000273","2026-03-16T08:55:53.511Z","2026-03-16T08:55:52.000Z",51.874686,0.201299,199,84,82.5984,,83.55859375,,"TIMER"
"VF611AEA4SD000273","2026-03-16T08:56:53.553Z","2026-03-16T08:56:52.000Z",51.863501,0.193034,209,74,82.5984,,83.77734375,,"TIMER"
"VF611AEA4SD000273","2026-03-16T08:57:53.557Z","2026-03-16T08:57:52.000Z",51.852309,0.18479,183,76,81.6732,,82.91796875,,"TIMER"
"VF611AEA4SD000273","2026-03-16T08:58:53.544Z","2026-03-16T08:58:53.000Z",51.840969,0.19191,156,76,80.5608,,81.65625,,"TIMER"
"VF611AEA4SD000273","2026-03-16T08:59:53.713Z","2026-03-16T08:59:53.000Z",51.829136,0.190488,212,77,82.7856,,83.71484375,,"TIMER"
"VF611AEA4SD000273","2026-03-16T09:01:23.686Z","2026-03-16T09:00:53.000Z",51.817557,0.18478,191,89,78.894,,79.75390625,,"TIMER"
"VF611AEA4SD000273","2026-03-16T09:01:53.529Z","2026-03-16T09:01:52.000Z",51.805978,0.17654,189,70,85.7484,,86.09765625,,"TIMER"
"VF611AEA4SD000273","2026-03-16T09:02:39.230Z","2026-03-16T09:02:38.000Z",51.796706,0.174775,192,66,86.6736,,88.078125,88.09765625,"TIMER"
"VF611AEA4SD000273","2026-03-16T09:02:53.544Z","2026-03-16T09:02:53.000Z",51.793524,0.173478,197,60,85.932,,86.05859375,,"TIMER"
"VF611AEA4SD000273","2026-03-16T09:03:53.439Z","2026-03-16T09:03:53.000Z",51.788176,0.169862,283,76,29.0772,,24.4375,,"TIMER"
"VF611AEA4SD000273","2026-03-16T09:04:53.589Z","2026-03-16T09:04:53.000Z",51.790345,0.160567,210,52,27.4104,,29.6171875,,"TIMER"
"VF611AEA4SD000273","2026-03-16T09:05:11.389Z","2026-03-16T09:05:10.000Z",51.789188,0.159075,215,59,43.5204,,45.3359375,45.5,"TIMER"
"VF611AEA4SD000273","2026-03-16T09:05:53.386Z","2026-03-16T09:05:52.000Z",51.786395,0.15193,245,60,27.7812,,28.73828125,,"TIMER"
"VF611AEA4SD000273","2026-03-16T09:06:53.881Z","2026-03-16T09:06:52.000Z",51.785498,0.148919,245,55,17.5932,,23.23828125,,"TIMER"
"VF611AEA4SD000273","2026-03-16T09:07:52.701Z","2026-03-16T09:07:52.000Z",51.780888,0.140162,243,65,56.4876,,57.3984375,,"TIMER"
"VF611AEA4SD000273","2026-03-16T09:08:52.558Z","2026-03-16T09:08:52.000Z",51.779647,0.129975,262,68,41.1156,,39.5390625,,"TIMER"
"VF611AEA4SD000273","2026-03-16T09:09:52.531Z","2026-03-16T09:09:52.000Z",51.783543,0.127158,4,62,61.3008,,62.77734375,,"TIMER"
"VF611AEA4SD000273","2026-03-16T09:10:52.571Z","2026-03-16T09:10:52.000Z",51.787877,0.129151,270,47,49.8204,,50.45703125,,"TIMER"
"VF611AEA4SD000273","2026-03-16T09:11:52.635Z","2026-03-16T09:11:52.000Z",51.785945,0.119722,231,50,23.8896,,25.296875,,"TIMER"
"VF611AEA4SD000273","2026-03-16T09:12:38.191Z","2026-03-16T09:12:37.000Z",51.784167,0.112568,249,56,46.854,,48.515625,48.3984375,"TIMER"
"VF611AEA4SD000273","2026-03-16T09:12:52.537Z","2026-03-16T09:12:52.000Z",51.783489,0.109781,247,55,50.004,,51.59765625,,"TIMER"
"VF611AEA4SD000273","2026-03-16T09:13:52.555Z","2026-03-16T09:13:52.000Z",51.780629,0.09972,250,45,47.412,,45.7578125,,"TIMER"
"VF611AEA4SD000273","2026-03-16T09:14:52.576Z","2026-03-16T09:14:52.000Z",51.780006,0.096882,260,45,10.0008,,9.71875,,"TIMER"
"VF611AEA4SD000273","2026-03-16T09:15:52.612Z","2026-03-16T09:15:52.000Z",51.779811,0.094954,262,48,20.9268,,20.8984375,,"TIMER"
"VF611AEA4SD000273","2026-03-16T09:16:52.567Z","2026-03-16T09:16:52.000Z",51.779228,0.092447,292,48,25.1856,,26.81640625,,"TIMER"
"VF611AEA4SD000273","2026-03-16T09:17:52.557Z","2026-03-16T09:17:52.000Z",51.784912,0.089581,333,39,14.6304,,17.63671875,,"TIMER"
"VF611AEA4SD000273","2026-03-16T09:18:52.619Z","2026-03-16T09:18:52.000Z",51.783257,0.074615,272,38,82.5984,,83.65625,,"TIMER"
"VF611AEA4SD000273","2026-03-16T09:19:52.588Z","2026-03-16T09:19:52.000Z",51.784567,0.05563,279,50,77.598,,78.77734375,,"TIMER"
"VF611AEA4SD000273","2026-03-16T09:21:22.548Z","2026-03-16T09:20:52.000Z",51.784482,0.037964,267,62,69.4512,,69.45703125,,"TIMER"
"VF611AEA4SD000273","2026-03-16T09:21:52.583Z","2026-03-16T09:21:52.000Z",51.780111,0.020936,230,42,85.932,,85.734375,,"TIMER"
"VF611AEA4SD000273","2026-03-16T09:22:38.335Z","2026-03-16T09:22:37.000Z",51.779974,0.006896,297,37,80.9316,,82.21484375,82.296875,"TIMER"
"VF611AEA4SD000273","2026-03-16T09:22:52.540Z","2026-03-16T09:22:52.000Z",51.781277,0.002665,297,38,69.822,,70.73828125,,"TIMER"
"VF611AEA4SD000273","2026-03-16T09:23:52.607Z","2026-03-16T09:23:52.000Z",51.786148,-0.013053,297,44,49.4496,,43.375,,"TIMER"
"VF611AEA4SD000273","2026-03-16T09:24:52.611Z","2026-03-16T09:24:52.000Z",51.78945,-0.015321,352,54,48.708,,49.9765625,,"TIMER"
"VF611AEA4SD000273","2026-03-16T09:25:52.635Z","2026-03-16T09:25:52.000Z",51.793047,-0.018085,263,53,6.2964,,7.5,,"TIMER"
"VF611AEA4SD000273","2026-03-16T09:26:06.029Z","2026-03-16T09:25:59.000Z",51.793052,-0.018224,272,53,0,,0,0.796875,"NO_MOVEMENT"
"VF611AEA4SD000273","2026-03-16T09:26:07.733Z","2026-03-16T09:26:04.000Z",51.793052,-0.018224,272,53,0,,0,0,"IGNITION_OFF"
"VF611AEA4SD000273","2026-03-16T09:26:45.496Z","2026-03-16T09:26:44.000Z",51.793052,-0.018224,272,53,0,,0,0,"IGNITION_ON"
"VF611AEA4SD000273","2026-03-16T09:26:55.116Z","2026-03-16T09:26:52.000Z",51.793052,-0.018224,272,53,0,,0.71875,1.796875,"MOVEMENT"
"VF611AEA4SD000273","2026-03-16T09:28:52.638Z","2026-03-16T09:28:52.000Z",51.792341,-0.019719,151,55,0,,0,,"TIMER"
"VF611AEA4SD000273","2026-03-16T09:29:42.510Z","2026-03-16T09:28:43.000Z",51.792341,-0.019719,151,55,0.7416,,0,0.796875,"NO_MOVEMENT"
"VF611AEA4SD000273","2026-03-16T09:29:42.650Z","2026-03-16T09:29:40.000Z",51.792341,-0.019719,151,55,0,,0,0,"IGNITION_OFF"
"VF611AEA4SD000273","2026-03-16T09:32:38.287Z","2026-03-16T09:32:37.000Z",51.792341,-0.019719,151,55,0,,0,0,"TIMER"
"VF611AEA4SD000273","2026-03-16T09:38:49.456Z","2026-03-16T09:38:48.000Z",51.792341,-0.019719,151,55,0,,0,0,"IGNITION_ON"
"VF611AEA4SD000273","2026-03-16T09:38:52.578Z","2026-03-16T09:38:51.000Z",51.792341,-0.019719,151,55,0,,0,0,"IGNITION_OFF"
"VF611AEA4SD000273","2026-03-16T09:38:55.870Z","2026-03-16T09:38:54.000Z",51.792341,-0.019719,151,55,0,,0,0,"IGNITION_ON"
"VF611AEA4SD000273","2026-03-16T09:40:34.106Z","2026-03-16T09:39:08.000Z",51.792341,-0.019719,151,55,0,,0.4765625,0.69921875,"MOVEMENT"
"VF620JEA7PB000178","2026-03-16T00:22:46.338Z","2026-03-16T00:20:57.000Z",52.102087,0.163835,0,28,0,,0,,"TIMER"
"VF620JEA7PB000178","2026-03-16T01:24:22.937Z","2026-03-16T01:22:16.000Z",52.102097,0.163824,0,25,0,,0,,"TIMER"
"VF620JEA7PB000178","2026-03-16T02:10:48.355Z","2026-03-16T02:10:47.000Z",52.102072,0.163819,0,33,0,,0,,"TIMER"
"VF620JEA7PB000178","2026-03-16T03:28:52.928Z","2026-03-16T03:27:04.000Z",52.102142,0.163811,0,26,0,,0,,"TIMER"
"VF620JEA7PB000178","2026-03-16T04:30:30.219Z","2026-03-16T04:28:23.000Z",52.102055,0.163844,0,27,0,,0,,"TIMER"
"VF620JEA7PB000178","2026-03-16T05:10:47.869Z","2026-03-16T05:10:47.000Z",52.102052,0.163848,0,32,0,,0,,"TIMER"
"VF620JEA7PB000178","2026-03-16T06:35:23.503Z","2026-03-16T06:33:34.000Z",52.10212,0.163761,0,27,0,,0,,"TIMER"
"VF620JEA7PB000178","2026-03-16T07:35:30.685Z","2026-03-16T07:35:29.000Z",52.1021,0.163821,0,37,0,,0,,"DRIVER_LOGIN"
"VF620JEA7PB000178","2026-03-16T07:35:33.001Z","2026-03-16T07:34:53.000Z",52.1021,0.163821,0,37,0,,0,,"TIMER"
"VF620JEA7PB000178","2026-03-16T07:35:33.003Z","2026-03-16T07:34:53.000Z",52.1021,0.163821,0,37,0,,0,,"IGNITION_ON"
"VF620JEA7PB000178","2026-03-16T07:36:06.994Z","2026-03-16T07:36:05.000Z",52.102095,0.163832,0,30,0,,0,,"DRIVER_1_WORKING_STATE_CHANGED"
"VF620JEA7PB000178","2026-03-16T07:40:00.167Z","2026-03-16T07:39:55.000Z",52.102093,0.163831,0,30,0,,0.805,,"MOVEMENT"
"VF620JEA7PB000178","2026-03-16T07:40:49.216Z","2026-03-16T07:40:48.000Z",52.101447,0.162066,244,31,13.518,,13.685,,"TIMER"
"VF620JEA7PB000178","2026-03-16T07:41:05.978Z","2026-03-16T07:41:04.000Z",52.101424,0.161216,266,30,9.0756,,8.855,,"DRIVER_1_WORKING_STATE_CHANGED"
"VF620JEA7PB000178","2026-03-16T07:41:49.139Z","2026-03-16T07:41:48.000Z",52.101402,0.161086,266,30,0,,0,,"TIMER"
"VF620JEA7PB000178","2026-03-16T07:42:31.500Z","2026-03-16T07:42:30.000Z",52.101394,0.161087,266,31,0,,0,,"TIMER"
"VF620JEA7PB000178","2026-03-16T07:43:12.768Z","2026-03-16T07:43:11.000Z",52.10139,0.161086,266,32,0,,0,,"DRIVER_1_WORKING_STATE_CHANGED"
"VF620JEA7PB000178","2026-03-16T07:51:33.494Z","2026-03-16T07:46:33.000Z",52.101677,0.161228,78,43,1.4832,,0,,"NO_MOVEMENT"
"VF620JEA7PB000178","2026-03-16T07:57:10.447Z","2026-03-16T07:57:09.000Z",52.101734,0.161467,62,35,0,,0,,"IGNITION_OFF"
"VF620JEA7PB000178","2026-03-16T08:10:48.989Z","2026-03-16T08:10:47.000Z",52.101677,0.161444,62,30,0,,0,,"TIMER"
"VF620JEA7PB000178","2026-03-16T08:29:03.445Z","2026-03-16T08:29:01.000Z",52.101698,0.161523,62,38,0,,0,,"IGNITION_ON"
"VF620JEA7PB000178","2026-03-16T08:31:02.837Z","2026-03-16T07:56:43.000Z",52.101773,0.16131,78,51,0,,0.805,,"MOVEMENT"
"VF620JEA7PB000178","2026-03-16T08:31:49.168Z","2026-03-16T08:31:48.000Z",52.10167,0.162474,153,35,5.3712,,4.83,,"TIMER"
"VF620JEA7PB000178","2026-03-16T08:32:05.962Z","2026-03-16T08:32:05.000Z",52.101406,0.162094,271,33,8.334,,8.05,,"DRIVER_1_WORKING_STATE_CHANGED"
"VF620JEA7PB000178","2026-03-16T08:32:31.503Z","2026-03-16T08:32:30.000Z",52.101433,0.162083,113,32,1.8504,,1.61,,"TIMER"
"VF620JEA7PB000178","2026-03-16T08:35:07.995Z","2026-03-16T08:35:05.000Z",52.10139,0.162068,169,30,0,,0,,"DRIVER_1_WORKING_STATE_CHANGED"
"VF620JEA7PB000178","2026-03-16T08:37:38.529Z","2026-03-16T08:32:38.000Z",52.101393,0.162081,169,31,1.296,,0,,"NO_MOVEMENT"
"VF620JEA7PB000178","2026-03-16T08:46:08.456Z","2026-03-16T08:46:05.000Z",52.101399,0.162058,169,29,0,,0.805,,"MOVEMENT"
"VF620JEA7PB000178","2026-03-16T08:46:40.970Z","2026-03-16T08:46:40.000Z",52.101413,0.160989,274,31,0,,0,,"IGNITION_OFF"
"VF620JEA7PB000178","2026-03-16T08:46:40.977Z","2026-03-16T08:46:34.000Z",52.10141,0.160996,274,31,2.2212,,0,,"NO_MOVEMENT"
"VF620JEA7PB000178","2026-03-16T08:46:49.061Z","2026-03-16T08:46:48.000Z",52.101418,0.160983,274,30,0,,0,,"TIMER"
"VF620JEA7PB000178","2026-03-16T08:53:10.467Z","2026-03-16T08:53:09.000Z",52.101401,0.160969,274,32,0,,0,,"IGNITION_ON"
"VF620JEA7PB000178","2026-03-16T08:53:42.225Z","2026-03-16T08:53:40.000Z",52.101398,0.160968,274,33,0,,0.805,,"MOVEMENT"
"VF620JEA7PB000178","2026-03-16T08:54:49.106Z","2026-03-16T08:54:48.000Z",52.102245,0.157082,280,31,61.6716,,62.79,,"TIMER"
"VF620JEA7PB000178","2026-03-16T08:55:06.219Z","2026-03-16T08:55:04.000Z",52.102639,0.152437,269,33,80.748,,81.305,,"DRIVER_1_WORKING_STATE_CHANGED"
"VF620JEA7PB000178","2026-03-16T08:55:49.226Z","2026-03-16T08:55:48.000Z",52.100547,0.142542,234,38,55.9296,,57.96,,"TIMER"
"VF620JEA7PB000178","2026-03-16T08:56:49.255Z","2026-03-16T08:56:48.000Z",52.099751,0.140919,232,43,0,,0,,"TIMER"
"VF620JEA7PB000178","2026-03-16T08:57:01.705Z","2026-03-16T08:56:08.000Z",52.099746,0.14092,232,41,1.296,,0,,"NO_MOVEMENT"
"VF620JEA7PB000178","2026-03-16T08:57:01.776Z","2026-03-16T08:57:00.000Z",52.099754,0.140932,232,42,0,,0,,"IGNITION_OFF"
"VF620JEA7PB000178","2026-03-16T08:58:11.534Z","2026-03-16T08:58:10.000Z",52.099752,0.140932,232,42,0,,0,,"DRIVER_1_WORKING_STATE_CHANGED"
"VF620JEA7PB000178","2026-03-16T09:00:06.943Z","2026-03-16T09:00:05.000Z",52.099744,0.140923,232,41,0,,0,,"IGNITION_ON"
"VF620JEA7PB000178","2026-03-16T09:00:48.053Z","2026-03-16T09:00:26.000Z",52.099737,0.140919,232,41,0,,0.805,,"MOVEMENT"
"VF620JEA7PB000178","2026-03-16T09:01:49.213Z","2026-03-16T09:01:48.000Z",52.09617,0.131548,243,37,52.596,,54.74,,"TIMER"
"VF620JEA7PB000178","2026-03-16T09:02:05.914Z","2026-03-16T09:02:04.000Z",52.095169,0.128618,241,37,39.2616,,37.03,,"DRIVER_1_WORKING_STATE_CHANGED"
"VF620JEA7PB000178","2026-03-16T09:02:31.680Z","2026-03-16T09:02:30.000Z",52.093421,0.124569,226,36,54.45,,53.935,,"TIMER"
"VF620JEA7PB000178","2026-03-16T09:02:49.692Z","2026-03-16T09:02:48.000Z",52.091855,0.121714,227,37,52.596,,53.13,,"TIMER"
"VF620JEA7PB000178","2026-03-16T09:03:49.255Z","2026-03-16T09:03:48.000Z",52.084713,0.110065,209,40,75.5604,,74.865,,"TIMER"
"VF620JEA7PB000178","2026-03-16T09:04:49.232Z","2026-03-16T09:04:48.000Z",52.078907,0.093983,245,42,80.748,,81.305,,"TIMER"
"VF620JEA7PB000178","2026-03-16T09:05:49.290Z","2026-03-16T09:05:48.000Z",52.07708,0.086671,328,39,35.928,,37.835,,"TIMER"
"VF620JEA7PB000178","2026-03-16T09:06:49.260Z","2026-03-16T09:06:48.000Z",52.084351,0.077326,322,33,64.2636,,62.79,,"TIMER"
"VF620JEA7PB000178","2026-03-16T09:07:49.223Z","2026-03-16T09:07:48.000Z",52.088944,0.074215,339,29,32.2236,,32.2,,"TIMER"
"VF620JEA7PB000178","2026-03-16T09:08:49.229Z","2026-03-16T09:08:48.000Z",52.093333,0.071748,344,30,32.04,,32.2,,"TIMER"
"VF620JEA7PB000178","2026-03-16T09:09:49.351Z","2026-03-16T09:09:48.000Z",52.096934,0.069132,319,28,41.67,,41.86,,"TIMER"
"VF620JEA7PB000178","2026-03-16T09:10:48.658Z","2026-03-16T09:10:47.000Z",52.099786,0.060355,310,27,42.5952,,44.275,,"TIMER"
"VF620JEA7PB000178","2026-03-16T09:10:49.126Z","2026-03-16T09:10:48.000Z",52.099855,0.06022,309,27,43.1532,,44.275,,"TIMER"
"VF620JEA7PB000178","2026-03-16T09:11:49.293Z","2026-03-16T09:11:48.000Z",52.104027,0.052477,305,27,41.1156,,37.835,,"TIMER"
"VF620JEA7PB000178","2026-03-16T09:12:31.737Z","2026-03-16T09:12:30.000Z",52.10642,0.046702,303,26,40.0032,,40.25,,"TIMER"
"VF620JEA7PB000178","2026-03-16T09:12:49.248Z","2026-03-16T09:12:48.000Z",52.1075,0.044092,304,26,40.9284,,38.64,,"TIMER"
"VF620JEA7PB000178","2026-03-16T09:13:49.288Z","2026-03-16T09:13:48.000Z",52.10794,0.042907,259,25,0,,0,,"TIMER"
"VF620JEA7PB000178","2026-03-16T09:15:49.248Z","2026-03-16T09:15:48.000Z",52.10132,0.0364,229,27,43.5204,,44.275,,"TIMER"
"VF620JEA7PB000178","2026-03-16T09:16:49.256Z","2026-03-16T09:16:48.000Z",52.094514,0.033683,203,26,63.8928,,64.4,,"TIMER"
"VF620JEA7PB000178","2026-03-16T09:17:49.286Z","2026-03-16T09:17:48.000Z",52.091296,0.035673,125,29,20.556,,20.125,,"TIMER"
"VF620JEA7PB000178","2026-03-16T09:18:49.267Z","2026-03-16T09:18:48.000Z",52.091247,0.037805,156,32,4.446,,3.22,,"TIMER"
"VF620JEA7PB000178","2026-03-16T09:21:14.648Z","2026-03-16T09:19:31.000Z",52.091304,0.037879,36,31,0.9252,,0,,"NO_MOVEMENT"
"VF620JEA7PB000178","2026-03-16T09:21:14.680Z","2026-03-16T09:21:13.000Z",52.091319,0.037896,36,30,0,,0,,"IGNITION_OFF"
"VF620JEA7PB000178","2026-03-16T09:22:05.685Z","2026-03-16T09:22:04.000Z",52.091319,0.037895,36,30,0,,0,,"DRIVER_1_WORKING_STATE_CHANGED"
"VF620JEA7PB000178","2026-03-16T09:22:31.643Z","2026-03-16T09:22:30.000Z",52.091319,0.037895,36,30,0,,0,,"TIMER"
"VF620JEA7PB000178","2026-03-16T09:23:37.581Z","2026-03-16T09:23:36.000Z",52.091319,0.037895,36,30,0,,0,,"IGNITION_ON"
"VF620JEA7PB000178","2026-03-16T09:23:54.790Z","2026-03-16T09:23:52.000Z",52.091319,0.037895,36,30,0,,0.805,,"MOVEMENT"
"VF620JEA7PB000178","2026-03-16T09:24:02.197Z","2026-03-16T09:24:01.000Z",52.091196,0.037785,219,30,0,,0,,"IGNITION_OFF"
"VF620JEA7PB000178","2026-03-16T09:24:02.285Z","2026-03-16T09:24:00.000Z",52.091199,0.03779,219,30,2.9628,,0,,"NO_MOVEMENT"
"VF620JEA7PB000178","2026-03-16T09:31:30.400Z","2026-03-16T09:31:29.000Z",52.091201,0.037787,219,30,0,,0,,"IGNITION_ON"
"VF620JEA7PB000178","2026-03-16T09:31:46.926Z","2026-03-16T09:31:43.000Z",52.091201,0.037787,219,30,0,,0.805,,"MOVEMENT"
"VF620JEA7PB000178","2026-03-16T09:36:49.304Z","2026-03-16T09:36:48.000Z",52.091879,0.034231,302,27,32.04,,31.395,,"TIMER"
"VF620JEA7PB000178","2026-03-16T09:37:06.084Z","2026-03-16T09:37:05.000Z",52.092151,0.033504,329,23,0,,0,,"DRIVER_1_WORKING_STATE_CHANGED"
"VF620JEA7PB000178","2026-03-16T09:37:49.278Z","2026-03-16T09:37:48.000Z",52.093621,0.033057,21,24,54.8208,,57.155,,"TIMER"
"VF620JEA7PB000178","2026-03-16T09:38:49.330Z","2026-03-16T09:38:48.000Z",52.100705,0.035154,344,25,3.3336,,1.61,,"TIMER"
"VF620JEA7PB000178","2026-03-16T09:39:49.259Z","2026-03-16T09:39:48.000Z",52.103978,0.032783,326,23,30.9276,,32.2,,"TIMER"
"VF620JEA7PB000178","2026-03-16T09:40:49.319Z","2026-03-16T09:40:48.000Z",52.108901,0.033312,353,22,44.0784,,41.86,,"TIMER"
"VF620JEA7PB000178","2026-03-16T09:41:49.424Z","2026-03-16T09:41:48.000Z",52.11185,0.030471,242,21,19.6308,,21.735,,"TIMER"
"VF620JEA7PB000178","2026-03-16T09:42:26.130Z","2026-03-16T09:42:18.000Z",52.111458,0.029329,245,24,1.4832,,0,,"NO_MOVEMENT"
"VF620JEA7PB000178","2026-03-16T09:42:26.138Z","2026-03-16T09:42:25.000Z",52.111464,0.029325,245,21,0,,0,,"IGNITION_OFF"
"VF620JEA7PB000178","2026-03-16T09:42:31.523Z","2026-03-16T09:42:30.000Z",52.111478,0.029329,245,19,0,,0,,"TIMER"
"VF620JEA7PB000178","2026-03-16T09:42:49.269Z","2026-03-16T09:42:48.000Z",52.111483,0.02933,245,18,0,,0,,"TIMER"
"VF620JEA7PB000178","2026-03-16T09:44:25.149Z","2026-03-16T09:44:24.000Z",52.111481,0.029329,245,18,0,,0,,"DRIVER_1_WORKING_STATE_CHANGED"
"VF620JEA7PB000178","2026-03-16T09:51:49.984Z","2026-03-16T09:51:49.000Z",52.111472,0.029327,245,20,0,,0,,"IGNITION_ON"
"VF620JEA7PB000178","2026-03-16T09:55:01.563Z","2026-03-16T09:54:59.000Z",52.111459,0.029321,245,24,0.5544,,0.805,,"MOVEMENT"
"VF620JEA7PB000178","2026-03-16T09:55:49.307Z","2026-03-16T09:55:48.000Z",52.110437,0.026661,243,25,2.7792,,1.61,,"TIMER"
"VF620JEA7PB000178","2026-03-16T09:56:05.687Z","2026-03-16T09:56:04.000Z",52.1104,0.026561,240,25,0,,0,,"DRIVER_1_WORKING_STATE_CHANGED"
"VF620JEA7PB000178","2026-03-16T09:58:06.278Z","2026-03-16T09:58:04.000Z",52.110397,0.026548,240,26,0,,0,,"DRIVER_1_WORKING_STATE_CHANGED"
"VF620JEA7PB000178","2026-03-16T10:00:33.459Z","2026-03-16T09:55:58.000Z",52.110401,0.026559,240,25,1.296,,0,,"NO_MOVEMENT"
"VF620JEA7PB000178","2026-03-16T10:00:33.498Z","2026-03-16T10:00:32.000Z",52.110397,0.02655,240,26,0,,0,,"IGNITION_OFF"
"VF620JEA7PB000178","2026-03-16T10:00:40.588Z","2026-03-16T10:00:39.000Z",52.110397,0.02655,240,26,0,,0,,"IGNITION_ON"
"VF620JEA7PB000178","2026-03-16T10:01:04.726Z","2026-03-16T10:01:02.000Z",52.110397,0.026551,240,26,0,,0.805,,"MOVEMENT"
"VF620JEA7PB000178","2026-03-16T10:01:49.462Z","2026-03-16T10:01:48.000Z",52.108686,0.020926,219,22,37.224,,37.835,,"TIMER"
"VF620JEA7PB000178","2026-03-16T10:02:05.685Z","2026-03-16T10:02:04.000Z",52.107886,0.018929,246,21,32.7816,,32.2,,"DRIVER_1_WORKING_STATE_CHANGED"
"VF620JEA7PB000178","2026-03-16T10:02:31.698Z","2026-03-16T10:02:30.000Z",52.106344,0.016786,238,21,31.4856,,32.2,,"TIMER"
"VF620JEA7PB000178","2026-03-16T10:02:49.341Z","2026-03-16T10:02:48.000Z",52.105392,0.015039,227,22,31.6692,,32.2,,"TIMER"
"VF620JEA7PB000178","2026-03-16T10:03:49.332Z","2026-03-16T10:03:48.000Z",52.102403,0.01112,251,22,31.8528,,31.395,,"TIMER"
"VF620JEA7PB000178","2026-03-16T10:04:49.354Z","2026-03-16T10:04:48.000Z",52.09977,0.006373,254,25,24.0768,,24.15,,"TIMER"
