{"nodes":[
{"name":"Savings 1"},
{"name":"ISA 1"},
{"name":"Mortgage"},
{"name":"New Investments"},
{"name":"ISA 3"},
{"name":"Credit Offer"},
{"name":"Investment Hub"},
{"name":"Young Account"},
{"name":"Partner Prod 1"},
{"name":"CD Joint"},
{"name":"Partner Prod 2"},
{"name":"District heating"},
{"name":"UPL scheme"},
{"name":"Own business loans"},
{"name":"Micro SME loans"},
{"name":"Loans Integrator"},
{"name":"Credit Digital"},
{"name":"Online p."},
{"name":"Mortgage Renewal"},
{"name":"ISA Prem"},
{"name":"Loan Dev"},
{"name":"Loans Digital"},
{"name":"SME Digital"},
{"name":"Gas imports"},
{"name":"Debit 1"},
{"name":"Digital Rev."},
{"name":"Investment Portfolio"},
{"name":"Broker 1"},
{"name":"Hub ISA"},
{"name":"Broker 2"},
{"name":"Morgage variation"},
{"name":"Mortgage collection"},
{"name":"Mortgage quitter"},
{"name":"Mortgage Others"},
{"name":"Marine algae"},
{"name":"Basic Debit Account"},
{"name":"Mortgage Dec In Princ."},
{"name":"Morgage Approved"},
{"name":"Mortgage Offer Scheme 2"},
{"name":"Savings 2"},
{"name":"Loyal Savers"},
{"name":"Credit Card Select"},
{"name":"Credit Card Legacy"},
{"name":"Credit CardB"},
{"name":"Broker 3"},
{"name":"Savlings 3"},
{"name":"Broker 4"},
{"name":"Credit Card A"}
],
"links":[
{"source":0,"target":1,"value":124.729},
{"source":1,"target":2,"value":0.597},
{"source":1,"target":3,"value":26.862},
{"source":1,"target":4,"value":280.322},
{"source":1,"target":5,"value":81.144},
{"source":6,"target":2,"value":35},
{"source":7,"target":4,"value":35},
{"source":8,"target":9,"value":11.606},
{"source":10,"target":9,"value":63.965},
{"source":9,"target":4,"value":75.571},
{"source":11,"target":12,"value":10.639},
{"source":11,"target":13,"value":22.505},
{"source":11,"target":14,"value":46.184},
{"source":15,"target":16,"value":104.453},
{"source":15,"target":14,"value":113.726},
{"source":15,"target":17,"value":27.14},
{"source":15,"target":12,"value":342.165},
{"source":15,"target":18,"value":37.797},
{"source":15,"target":19,"value":4.412},
{"source":15,"target":13,"value":40.858},
{"source":15,"target":3,"value":56.691},
{"source":15,"target":20,"value":7.863},
{"source":15,"target":21,"value":90.008},
{"source":15,"target":22,"value":93.494},
{"source":23,"target":24,"value":40.719},
{"source":25,"target":24,"value":82.233},
{"source":5,"target":13,"value":0.129},
{"source":5,"target":3,"value":1.401},
{"source":5,"target":26,"value":151.891},
{"source":5,"target":19,"value":2.096},
{"source":5,"target":12,"value":48.58},
{"source":27,"target":15,"value":7.013},
{"source":17,"target":28,"value":20.897},
{"source":17,"target":3,"value":6.242},
{"source":28,"target":18,"value":20.897},
{"source":29,"target":15,"value":6.995},
{"source":2,"target":12,"value":121.066},
{"source":2,"target":30,"value":128.69},
{"source":2,"target":18,"value":135.835},
{"source":2,"target":31,"value":14.458},
{"source":2,"target":32,"value":206.267},
{"source":2,"target":19,"value":3.64},
{"source":2,"target":33,"value":33.218},
{"source":2,"target":20,"value":4.413},
{"source":34,"target":1,"value":4.375},
{"source":24,"target":5,"value":122.952},
{"source":35,"target":26,"value":839.978},
{"source":36,"target":37,"value":504.287},
{"source":38,"target":37,"value":107.703},
{"source":37,"target":2,"value":611.99},
{"source":39,"target":4,"value":56.587},
{"source":39,"target":1,"value":77.81},
{"source":40,"target":14,"value":193.026},
{"source":40,"target":13,"value":70.672},
{"source":41,"target":15,"value":59.901},
{"source":42,"target":14,"value":19.263},
{"source":43,"target":42,"value":19.263},
{"source":43,"target":41,"value":59.901},
{"source":4,"target":19,"value":0.882},
{"source":4,"target":26,"value":400.12},
{"source":4,"target":12,"value":46.477},
{"source":26,"target":15,"value":525.531},
{"source":26,"target":3,"value":787.129},
{"source":26,"target":11,"value":79.329},
{"source":44,"target":15,"value":9.452},
{"source":45,"target":1,"value":182.01},
{"source":46,"target":15,"value":19.013},
{"source":47,"target":15,"value":289.366}
]}
