timestamp,distance_from_origin,distance_to_end,SERVO2,MOTOR1,MOTOR2
0.000,0.000,6.500,130,80,80
0.200,0.026,6.474,130,80,80
0.400,0.052,6.448,130,80,80
0.600,0.078,6.422,130,80,80
0.800,0.104,6.395,130,80,80
1.000,0.131,6.369,130,80,80
1.200,0.157,6.343,130,80,80
1.400,0.183,6.317,130,80,80
1.600,0.209,6.291,108,80,80
1.800,0.235,6.265,108,80,80
2.000,0.261,6.239,108,80,80
2.200,0.287,6.213,130,80,80
2.400,0.313,6.187,130,80,80
2.600,0.339,6.160,130,80,80
2.800,0.365,6.134,130,80,80
3.000,0.392,6.108,130,80,80
3.200,0.418,6.082,130,80,80
3.400,0.444,6.056,130,80,80
3.600,0.470,6.030,130,80,80
3.800,0.496,6.004,130,80,80
4.000,0.522,5.978,130,80,80
4.200,0.548,5.952,130,80,80
4.400,0.574,5.926,130,80,80
4.600,0.600,5.899,130,80,80
4.800,0.626,5.873,130,80,80
5.000,0.653,5.847,108,80,80
5.200,0.679,5.821,108,80,80
5.400,0.705,5.795,130,80,80
5.600,0.731,5.769,130,80,80
5.800,0.757,5.743,94,80,80
6.000,0.783,5.717,94,80,80
6.200,0.809,5.691,125,80,80
6.400,0.835,5.665,125,80,80
6.600,0.861,5.638,125,80,80
6.800,0.888,5.612,130,80,80
7.000,0.914,5.586,130,80,80
7.200,0.940,5.560,130,80,80
7.400,0.966,5.534,130,80,80
7.600,0.992,5.508,130,80,80
7.800,1.018,5.482,130,80,80
8.000,1.044,5.456,130,80,80
8.200,1.070,5.430,130,80,80
8.400,1.096,5.403,130,80,80
8.600,1.122,5.377,130,80,80
8.800,1.149,5.351,130,80,80
9.000,1.175,5.325,130,80,80
9.200,1.201,5.299,130,80,80
9.400,1.227,5.273,130,80,80
9.600,1.253,5.247,130,80,80
9.800,1.279,5.221,130,80,80
10.000,1.305,5.195,130,80,80
10.200,1.331,5.169,130,80,80
10.400,1.357,5.142,130,80,80
10.600,1.383,5.116,130,80,80
10.800,1.410,5.090,130,80,80
11.000,1.436,5.064,130,80,80
11.200,1.462,5.038,130,80,80
11.400,1.488,5.012,130,80,80
11.600,1.514,4.986,130,80,80
11.800,1.540,4.960,130,80,80
12.000,1.566,4.934,130,80,80
12.200,1.592,4.907,130,80,80
12.400,1.618,4.881,130,80,80
12.600,1.645,4.855,130,80,80
12.800,1.671,4.829,130,80,80
13.000,1.697,4.803,130,80,80
13.200,1.723,4.777,130,80,80
13.400,1.749,4.751,130,80,80
13.600,1.775,4.725,130,80,80
13.800,1.801,4.699,130,80,80
14.000,1.827,4.673,130,80,80
14.200,1.853,4.646,130,80,80
14.400,1.879,4.620,130,80,80
14.600,1.906,4.594,91,80,80
14.800,1.932,4.568,91,80,80
15.000,1.958,4.542,130,80,80
15.200,1.984,4.516,130,80,80
15.400,2.010,4.490,130,80,80
15.600,2.036,4.464,130,80,80
15.800,2.062,4.438,97,80,80
16.000,2.088,4.412,97,80,80
16.200,2.114,4.385,130,80,80
16.400,2.141,4.359,130,80,80
16.600,2.167,4.333,126,80,80
16.800,2.193,4.307,126,80,80
17.000,2.219,4.281,130,80,80
17.200,2.245,4.255,130,80,80
17.400,2.271,4.229,91,80,80
17.600,2.297,4.203,91,80,80
17.800,2.323,4.177,126,80,80
18.000,2.349,4.150,126,80,80
18.200,2.375,4.124,130,80,80
18.400,2.402,4.098,130,80,80
18.600,2.428,4.072,102,80,80
18.800,2.454,4.046,102,80,80
19.000,2.480,4.020,130,80,80
19.200,2.506,3.994,130,80,80
19.400,2.532,3.968,95,80,80
19.600,2.558,3.942,95,80,80
19.800,2.584,3.916,95,80,80
20.000,2.610,3.889,130,80,80
20.200,2.636,3.863,130,80,80
20.400,2.663,3.837,130,80,80
20.600,2.689,3.811,130,80,80
20.800,2.715,3.785,101,80,80
21.000,2.741,3.759,101,80,80
21.200,2.767,3.733,130,80,80
21.400,2.793,3.707,130,80,80
21.600,2.819,3.681,130,80,80
21.800,2.845,3.655,130,80,80
22.000,2.871,3.628,130,80,80
22.200,2.898,3.602,130,80,80
22.400,2.924,3.576,110,80,80
22.600,2.950,3.550,110,80,80
22.800,2.976,3.524,130,80,80
23.000,3.002,3.498,130,80,80
23.200,3.028,3.472,130,80,80
23.400,3.054,3.446,130,80,80
23.600,3.080,3.420,130,80,80
23.800,3.106,3.393,130,80,80
24.000,3.132,3.367,130,80,80
24.200,3.159,3.341,130,80,80
24.400,3.185,3.315,130,80,80
24.600,3.211,3.289,130,80,80
24.800,3.237,3.263,130,80,80
25.000,3.263,3.237,130,80,80
25.200,3.289,3.211,130,80,80
25.400,3.315,3.185,130,80,80
25.600,3.341,3.159,130,80,80
25.800,3.367,3.132,125,80,80
26.000,3.393,3.106,125,80,80
26.200,3.420,3.080,130,80,80
26.400,3.446,3.054,130,80,80
26.600,3.472,3.028,130,80,80
26.800,3.498,3.002,130,80,80
27.000,3.524,2.976,128,80,80
27.200,3.550,2.950,128,80,80
27.400,3.576,2.924,128,80,80
27.600,3.602,2.898,130,80,80
27.800,3.628,2.871,130,80,80
28.000,3.655,2.845,119,80,80
28.200,3.681,2.819,119,80,80
28.400,3.707,2.793,130,80,80
28.600,3.733,2.767,130,80,80
28.800,3.759,2.741,130,80,80
29.000,3.785,2.715,130,80,80
29.200,3.811,2.689,130,80,80
29.400,3.837,2.663,130,80,80
29.600,3.863,2.636,130,80,80
29.800,3.889,2.610,130,80,80
30.000,3.916,2.584,130,80,80
30.200,3.942,2.558,130,80,80
30.400,3.968,2.532,130,80,80
30.600,3.994,2.506,130,80,80
30.800,4.020,2.480,130,80,80
31.000,4.046,2.454,130,80,80
31.200,4.072,2.428,130,80,80
31.400,4.098,2.402,130,80,80
31.600,4.124,2.375,130,80,80
31.800,4.150,2.349,130,80,80
32.000,4.177,2.323,130,80,80
32.200,4.203,2.297,130,80,80
32.400,4.229,2.271,130,80,80
32.600,4.255,2.245,130,80,80
32.800,4.281,2.219,130,80,80
33.000,4.307,2.193,130,80,80
33.200,4.333,2.167,130,80,80
33.400,4.359,2.141,130,80,80
33.600,4.385,2.114,130,80,80
33.800,4.412,2.088,130,80,80
34.000,4.438,2.062,130,80,80
34.200,4.464,2.036,130,80,80
34.400,4.490,2.010,130,80,80
34.600,4.516,1.984,130,80,80
34.800,4.542,1.958,130,80,80
35.000,4.568,1.932,130,80,80
35.200,4.594,1.906,130,80,80
35.400,4.620,1.879,97,80,80
35.600,4.646,1.853,97,80,80
35.800,4.673,1.827,97,80,80
36.000,4.699,1.801,130,80,80
36.200,4.725,1.775,130,80,80
36.400,4.751,1.749,130,80,80
36.600,4.777,1.723,130,80,80
36.800,4.803,1.697,111,80,80
37.000,4.829,1.671,111,80,80
37.200,4.855,1.645,130,80,80
37.400,4.881,1.618,130,80,80
37.600,4.907,1.592,130,80,80
37.800,4.934,1.566,130,80,80
38.000,4.960,1.540,130,80,80
38.200,4.986,1.514,130,80,80
38.400,5.012,1.488,113,80,80
38.600,5.038,1.462,113,80,80
38.800,5.064,1.436,130,80,80
39.000,5.090,1.410,130,80,80
39.200,5.116,1.383,100,80,80
39.400,5.142,1.357,100,80,80
39.600,5.169,1.331,98,80,80
39.800,5.195,1.305,98,80,80
40.000,5.221,1.279,130,80,80
40.200,5.247,1.253,130,80,80
40.400,5.273,1.227,130,80,80
40.600,5.299,1.201,130,80,80
40.800,5.325,1.175,130,80,80
41.000,5.351,1.149,130,80,80
41.200,5.377,1.122,130,80,80
41.400,5.403,1.096,130,80,80
41.600,5.430,1.070,130,80,80
41.800,5.456,1.044,130,80,80
42.000,5.482,1.018,130,80,80
42.200,5.508,0.992,130,65,65
42.400,5.534,0.966,130,65,65
42.600,5.560,0.940,130,65,65
42.800,5.586,0.914,130,65,65
43.000,5.612,0.888,130,65,65
43.200,5.638,0.861,130,65,65
43.400,5.665,0.835,130,65,65
43.600,5.691,0.809,130,65,65
43.800,5.717,0.783,130,65,65
44.000,5.743,0.757,130,65,65
44.200,5.769,0.731,130,65,65
44.400,5.795,0.705,130,65,65
44.600,5.821,0.679,130,65,65
44.800,5.847,0.653,130,65,65
45.000,5.873,0.626,130,65,65
45.200,5.899,0.600,130,65,65
45.400,5.926,0.574,130,65,65
45.600,5.952,0.548,130,65,65
45.800,5.978,0.522,130,65,65
46.000,6.004,0.496,105,50,50
46.200,6.030,0.470,105,50,50
46.400,6.056,0.444,130,50,50
46.600,6.082,0.418,130,50,50
46.800,6.108,0.392,130,50,50
47.000,6.134,0.365,130,50,50
47.200,6.160,0.339,130,50,50
47.400,6.187,0.313,130,50,50
47.600,6.213,0.287,130,50,50
47.800,6.239,0.261,130,50,50
48.000,6.265,0.235,130,50,50
48.200,6.291,0.209,130,50,50
48.400,6.317,0.183,99,50,50
48.600,6.343,0.157,130,50,50
48.800,6.369,0.131,130,50,50
49.000,6.395,0.104,130,50,50
49.200,6.422,0.078,130,50,50
49.400,6.448,0.052,130,50,50
49.600,6.474,0.026,130,50,50
49.999,6.500,0.000,90,0,0
